<?xml version="1.1" encoding="UTF-8" standalone="no"?>
<databaseChangeLog
        xmlns:xsi="http://www.w3.org/2001/XMLSchema-instance"
        xmlns="http://www.liquibase.org/xml/ns/dbchangelog"
        xsi:schemaLocation="http://www.liquibase.org/xml/ns/dbchangelog http://www.liquibase.org/xml/ns/dbchangelog/dbchangelog-3.1.xsd">
    

    <changeSet author="george (generated)" id="1559290189863-1">
        <createTable tableName="Person">
            <column autoIncrement="true" name="id" type="BIGINT">
                <constraints primaryKey="true" primaryKeyName="PersonPK"/>
            </column>
            <column name="comments" type="VARCHAR(255)"/>
            <column name="email" type="VARCHAR(255)"/>
            <column name="gender" type="VARCHAR(255)"/>
            <column name="isActive" type="BOOLEAN">
                <constraints nullable="false"/>
            </column>
            <column name="mobilePhone" type="VARCHAR(255)">
                <constraints nullable="false"/>
            </column>
            <column name="name" type="VARCHAR(255)">
                <constraints nullable="false"/>
            </column>
        </createTable>
    </changeSet>
    <changeSet author="george (generated)" id="1559290189863-3">
        <addUniqueConstraint columnNames="email" constraintName="UC_PERSONEMAIL_COL" tableName="Person"/>
    </changeSet>

    <changeSet author="george (generated)" id="1559290189863-2">
        <createTable tableName="Supplier">
            <column autoIncrement="true" name="id" type="BIGINT">
                <constraints primaryKey="true" primaryKeyName="SupplierPK"/>
            </column>
            <column name="address" type="VARCHAR(255)"/>
            <column name="city" type="VARCHAR(255)"/>
            <column name="companyName" type="VARCHAR(255)">
                <constraints nullable="false"/>
            </column>
            <column name="country" type="VARCHAR(255)"/>
            <column name="firstName" type="VARCHAR(255)"/>
            <column name="irsOffice" type="VARCHAR(255)"/>
            <column name="lastName" type="VARCHAR(255)"/>
            <column name="vatNumber" type="VARCHAR(255)">
                <constraints nullable="false"/>
            </column>
            <column name="zipCode" type="VARCHAR(255)"/>
        </createTable>
    </changeSet>
</databaseChangeLog>
